{
    "__comment": "JimStoneCraft - 2020",
    "variants": {
        "type=bottom": [
            { "model": "minecraft:block/petrified_oak_slab", "weight": 30 },
            { "model": "minecraft:block/petrified_oak_slab1", "weight": 10 },
            { "model": "minecraft:block/petrified_oak_slab2", "weight": 10 },
            { "model": "minecraft:block/petrified_oak_slab3", "weight": 10 },
            { "model": "minecraft:block/petrified_oak_slab4", "weight": 10 }
        ],
        "type=top": [
            { "model": "minecraft:block/petrified_oak_slab_top", "weight": 30 },
            { "model": "minecraft:block/petrified_oak_slab_top1", "weight": 10 },
            { "model": "minecraft:block/petrified_oak_slab_top2", "weight": 10 },
            { "model": "minecraft:block/petrified_oak_slab_top3", "weight": 10 },
            { "model": "minecraft:block/petrified_oak_slab_top4", "weight": 10 }
        ],
        "type=double": [
            { "model": "minecraft:block/petrified_oak_planks", "weight": 30 },
            { "model": "minecraft:block/petrified_oak_planks1", "weight": 10 },
            { "model": "minecraft:block/petrified_oak_planks2", "weight": 10 },
            { "model": "minecraft:block/petrified_oak_planks3", "weight": 10 },
            { "model": "minecraft:block/petrified_oak_planks4", "weight": 10 }
        ]
    }
}
